,제목,평점,장르,줄거리
0,콰이어트 플레이스,7,공포/스릴러,소리를 내는 순간 공격받는 극한의 상황 속에서 살아남기 위한 한 가족의 숨막히는 사투를 그린 이야기< 생존 법칙 >1. 어떤 소리도 내지 말 것2. 아무 말도 하지 말 것3. 붉은 등이 켜지면 무조건 도망갈 것
1,극장판 귀멸의 칼날: 무한열차편,9,애니메이션,"혈귀로 변해버린 여동생 ‘네즈코’를 인간으로 되돌릴 단서를 찾아 비밀조직 귀살대에 들어간 ‘탄지로.’‘젠이츠’, ‘이노스케’와 새로운 임무 수행을 위해 무한열차에 탑승 후귀살대 최강 검사 염주 ‘렌고쿠’와 합류한다.달리는 무한열차에서 승객들이 하나 둘 흔적 없이 사라지자숨어있는 식인 혈귀의 존재를 직감하는 ‘렌고쿠’.귀살대 ‘탄지로’ 일행과 최강 검사 염주 ‘렌고쿠’는어둠 속을 달리는 무한열차에서 모두의 목숨을 구하기 위해예측불가능한 능력을 가진 혈귀와 목숨을 건 혈전을 시작하는데…"
2,킬러의 보디가드,8,액션,"세상 제일 잘난 맛에 사는 섭외 1순위 앵그리 보디가드가지명수배 1순위 구강 액션 지존 킬러를 보호하게 되면서 벌어지는누가 누구를 지키는 지 모를, 서로 못 죽여서 안달 난브로맨스 제로, 환장 케미의 킬링 액션 블록버스터"
3,크루엘라,9,드라마,"처음부터 난 알았어. 내가 특별하단 걸그게 불편한 인간들도 있겠지만 모두의 비위를 맞출 수는 없잖아?그러다 보니 결국, 학교를 계속 다닐 수가 없었지우여곡절 런던에 오게 된 나, 에스텔라는 재스퍼와 호레이스를 운명처럼 만났고나의 뛰어난 패션 감각을 이용해 완벽한 변장과 빠른 손놀림으로 런던 거리를 싹쓸이 했어도둑질이 지겹게 느껴질 때쯤, 꿈에 그리던 리버티 백화점에 낙하산(?)으로 들어가게 됐어거리를 떠돌았지만 패션을 향한 나의 열정만큼은 언제나 진심이었거든근데 이게 뭐야, 옷에는 손도 못 대보고 하루 종일 바닥 청소라니인내심에 한계를 느끼고 있을 때, 런던 패션계를 꽉 쥐고 있는 남작 부인이 나타났어천재는 천재를 알아보는 법! 난 남작 부인의 브랜드 디자이너로 들어가게 되었지꿈을 이룰 것 같았던 순간도 잠시, 세상에 남작 부인이 ‘그런 사람’이었을 줄이야…그래서 난 내가 누군지 보여주기로 했어잘가, 에스텔라난 이제 크루엘라야!"
4,조커,8,드라마,고담시의 광대 아서 플렉은 코미디언을 꿈꾸는 남자.하지만 모두가 미쳐가는 코미디 같은 세상에서맨 정신으로는 그가 설 자리가 없음을 깨닫게 되는데…이제껏 본 적 없는 진짜 ‘조커’를 만나라!
5,크루즈 패밀리: 뉴 에이지,9,액션,"동굴을 떠나 새로운 거주지를 찾아 나선 크루즈 패밀리.우여곡절 끝에 찾은 완벽한 트리 하우스에서 진화된 인류, 베터맨 패밀리와 마주한다.도구를 사용하고 ‘집’에서 안전하게 살아가는 지능형 베터맨 패밀리와맨손으로 사냥하고 자연과 함께 살아가는 본능형 크루즈 패밀리는너무나도 다른 삶의 방식으로 사사건건 부딪힌다.반면 처음으로 여자 사람친구를 만난 ‘이프’와 ‘던’은 가족들과 달리 우정을 쌓아가지만점점 두 가족에게 예상치 못한 위협이 닥쳐오는데…"
6,소울,9,애니메이션,"뉴욕에서 음악 선생님으로 일하던 ‘조’는꿈에 그리던 최고의 밴드와 재즈 클럽에서 연주하게 된 그 날,예기치 못한 사고로 영혼이 되어 ‘태어나기 전 세상’에 떨어진다.탄생 전 영혼들이 멘토와 함께 자신의 관심사를 발견하면 지구 통행증을 발급하는 ‘태어나기 전 세상’‘조’는 그 곳에서 유일하게 지구에 가고 싶어하지 않는 시니컬한 영혼 ‘22’의 멘토가 된다.링컨, 간디, 테레사 수녀도 멘토되길 포기한 영혼 ‘22’꿈의 무대에 서려면 ‘22’의 지구 통행증이 필요한 ‘조’그는 다시 지구로 돌아가 꿈의 무대에 설 수 있을까?"
7,노바디 ,8,액션,"비범한 과거를 숨긴 채 남들과 다를 바 없는 평범한 일상을 사는 한 가정의 가장 ‘허치’매일 출근을 하고, 분리수거를 하고 일과 가정 모두 나름 최선을 다하지만아들한테는 무시당하고 아내와의 관계도 소원하다.그러던 어느 날, 집안에 강도가 들고 허치는 한 번의 반항도 하지 못하고 당한다.더 큰 위험으로부터 가족을 지키기 위한 선택이었는데 모두 무능력하다고 ‘허치’를 비난하고,결국 그동안 참고 억눌렀던 분노가 폭발하고 만다."
8,미나리,7,드라마,"""미나리는 어디서든 잘 자라""낯선 미국, 아칸소로 떠나온 한국 가족.가족들에게 뭔가 해내는 걸 보여주고 싶은 아빠 '제이콥'(스티븐 연)은자신만의 농장을 가꾸기 시작하고 엄마 '모니카'(한예리)도 다시 일자리를 찾는다.아직 어린 아이들을 위해 ‘모니카’의 엄마 ‘순자’(윤여정)가 함께 살기로 하고가방 가득 고춧가루, 멸치, 한약 그리고 미나리씨를 담은 할머니가 도착한다.의젓한 큰딸 '앤'(노엘 케이트 조)과 장난꾸러기 막내아들 '데이빗'(앨런 김)은여느 그랜마같지 않은 할머니가 영- 못마땅한데…함께 있다면, 새로 시작할 수 있다는 희망으로하루하루 뿌리 내리며 살아가는어느 가족의 아주 특별한 여정이 시작된다!"
9,테넷,8,액션,시간의 흐름을 뒤집는 인버전을 통해 현재와 미래를 오가며 세상을 파괴하려는 사토르(케네스 브래너)를 막기 위해 투입된 작전의 주도자(존 데이비드 워싱턴). 인버전에 대한 정보를 가진 닐(로버트 패틴슨)과 미술품 감정사이자 사토르에 대한 복수심이 가득한 그의 아내 캣(엘리자베스 데비키)과 협력해 미래의 공격에 맞서 제3차 세계대전을 막아야 한다!
10,어벤져스: 엔드게임,9,액션,인피니티 워 이후 절반만 살아남은 지구마지막 희망이 된 어벤져스먼저 떠난 그들을 위해 모든 것을 걸었다!위대한 어벤져스운명을 바꿀 최후의 전쟁이 펼쳐진다!
11,잭 스나이더의 저스티스 리그,0,액션,"슈퍼맨이 죽고 지구에 어둠의 그림자가 드리운다. ‘마더박스’를 차지하기 위해 빌런 스테픈울프가 파라데몬 군단을 이끌고 지구에 온 것이다.지구를 지키기 위해 목숨을 바친 슈퍼맨의 희생이 헛되지 않도록 하기 위해 브루스 웨인은 다이애나 프린스와 적에 맞서기로 한다. 배트맨과 원더 우먼은 새로이 등장한 위협에 맞서 싸우기 위해 특별한 능력을 가진 메타휴먼, 아쿠아맨과 사이보그, 플래시를 찾아가 설득하여 힘을 합친다.드디어 한 팀이 된 저스티스 리그. 혹시 스테픈울프와 데사드 그리고 다크사이드를 물리치기에 너무 늦어버린 것이 아닐까?"
13,자산어보,9,드라마,"“이 양반은 대역 죄인이니 너무 잘해줄 생각들 말어”순조 1년, 신유박해로 세상의 끝 흑산도로 유배된 ‘정약전’.호기심 많은 '정약전'은 그 곳에서 바다 생물에 매료되어 책을 쓰기로 한다.이에 바다를 훤히 알고 있는 청년 어부 ‘창대’에게 도움을 구하지만‘창대’는 죄인을 도울 수 없다며 단칼에 거절한다.“내가 아는 지식과 너의 물고기 지식을 바꾸자""‘창대’가 혼자 글 공부를 하며 어려움을 겪고 있다는 것을 알게 된 ‘정약전’은 서로의 지식을 거래하자고 제안하고거래라는 말에 ‘창대’는 못 이기는 척 받아들인다.둘은 티격태격하면서도 점차 서로의 스승이자 벗이 되어 간다.""너 공부해서 출세하고 싶지?""그러던 중 '창대'가 출세하기 위해 공부에 매진했다는 사실을 알게 된 '정약전'은 크게 실망한다.‘창대’ 역시 '정약전'과는 길이 다르다는 것을 깨닫고'정약전'의 곁을 떠나 세상 밖으로 나가고자 결심하는데..."
16,뷰티풀 보이,8,드라마,"“아름다운 소년이 있었어. 불행히도 소년은 끔찍한 병에 걸렸어” 열렬한 독서가이자 재능 있는 예술가, 운동을 좋아하는 모범생 닉. 12살 때 손을 댄 약물에 어느새 중독자가 되었다“다행히도 아직 이야기는 끝나지 않았어” 아들의 중독이 자기 때문이 아닐까 자책하던 데이비드. 눈물 흘리며 포기하는 대신, 세상의 전부이자 모든 것인 닉의 손을 끝까지 붙잡는데…"
18,레디 플레이어 원,8,액션,"2045년, 암울한 현실과 달리 가상현실 오아시스(OASIS)에서는 누구든 원하는 캐릭터로 어디든지 갈 수 있고, 뭐든지 할 수 있고 상상하는 모든 게 가능하다. 웨이드 와츠(타이 쉐리던) 역시 유일한 낙은 대부분의 사람들이 하루를 보내는 오아시스에 접속하는 것이다. 어느 날 오아시스의 창시자인 괴짜 천재 제임스 할리데이(마크 라이런스)는 자신이 가상현실 속에 숨겨둔 3개의 미션에서 우승하는 사람에게 오아시스의 소유권과 막대한 유산을 상속한다는 유언을 남기고, 그가 사랑했던 80년대 대중문화 속에 힌트가 있음을 알린다. 제임스 할리데이를 선망했던 소년 ‘웨이드 와츠’가 첫 번째 수수께끼를 푸는 데 성공하자 이를 저지하기 위해 현실에서 살인도 마다하지 않는 ‘IOI’라는 거대 기업이 뛰어든다.모두의 꿈과 희망이 되는 오아시스를 지키기 위해서는 반드시 우승해야 한다!그리고 우승을 위해서는 가상현실이 아닌 현실세계의 우정과 사랑의 힘이 필요하기만 한데…"
19,헝거게임 : 더 파이널,7,액션,"두 번의 헝거게임에서 살아남은 생존자 캣니스 에버딘. 그런 그녀를 향한 스노우 대통령의 공격은 더욱 거세지고 캣니스의 분노는 폭발한다.캣니스는 그를 멈추고 모든 것을 끝낼 수 있는 사람이 바로 자신임을 깨닫고, 13구역 군단에 합류한다. 철저하게 준비를 끝낸 캣니스와 최정예 요원들은 캐피톨 입성에 성공하지만 스노우 대통령이 설치한 함정들로 인해 목숨을 위협받는 위험한 상황에 처하게 된다.희생된 동료들을 뒤로한 채 가까스로 스노우 대통령과의 대결을 앞둔 캣니스에게 또 다른 충격적인 사건이 벌어지는데…마침내 최후의 승자가 결정된다!"
20,헝거게임:모킹제이,7,액션,"헝거게임이 끝나고 캣니스의 고향인 12구역이 캐피톨의 폭격으로 파괴되자 그녀는 절망감으로 괴로워한다. 12구역의 생존자들이 13구역에 있다는 것을 알게 된 캣니스는 반정부 세력의 중심이 된다. 어떤 공격도, 어떤 감시도 피할 수 있는 전설의 13구역을 다스리는 대통령 코인은 캣니스에게 혁명의 불꽃이자 반군의 상징인 모킹제이가 되어달라고 부탁하고, 모두의 희망이 된 캣니스는 이제 세상을 구할 반격을 시작한다."
22,파이프라인,6,액션,"손만 대면 대박을 터트리는 도유 업계 최고 천공기술자 ‘핀돌이’는수천억의 기름을 빼돌리기 위해 거대한 판을 짠 대기업 후계자 ‘건우’의거부할 수 없는 제안에 빠져 위험천만한 도유 작전에 합류한다.프로 용접공 '접새', 땅 속을 장기판처럼 꿰고 있는 '나과장',괴력의 인간 굴착기 '큰삽', 이 모든 이들을 감시하는 '카운터'까지!그러나 저마다 다른 목적을 가진 이들이 서로를 속고 속이면서계획은 예상치 못한 방향으로 흘러가기 시작하는데...인생 역전을 꿈꾸는 여섯 명의 도유꾼들그들의 막장 팀플레이가 시작된다!"
23,더 스파이,8,공포/스릴러,"전운이 감도는 1960년 냉전시대, 소련 군사정보국 ‘올레크 대령’은정부의 눈을 피해 핵전쟁 위기를 막을 중대 기밀을 CIA에 전하고자 한다.CIA는 MI6와 협력하여 소련의 기밀 문서를 입수하기 위해영국 사업가 ‘그레빌 윈’을 스파이로 고용해 잠입에 성공한다.정체를 감춘 채 런던과 모스크바를 오가는 ‘그레빌 윈’과 ‘올레크 대령’의은밀하고 위험한 관계가 계속될수록 KGB의 의심은 커져가는데...가장 평범한 사람의 가장 위대한 첩보 실화때론, 한 사람의 용기가 세상을 바꾼다!"
24,비와 당신의 이야기,6,드라마,"“이건 기다림에 관한 이야기다"" 뚜렷한 꿈도 목표도 없이 지루한 삼수 생활을 이어가던 ‘영호'(강하늘),오랫동안 간직해온 기억 속 친구를 떠올리고 무작정 편지를 보낸다. 자신의 꿈은 찾지 못한 채 엄마와 함께 오래된 책방을 운영하는 ‘소희'(천우희)는언니 ‘소연’에게 도착한 ‘영호'의 편지를 받게 된다. “몇 가지 규칙만 지켜줬으면 좋겠어.질문하지 않기, 만나자고 하기 없기 그리고 찾아오지 않기.” ‘소희'는 아픈 언니를 대신해 답장을 보내고 두 사람은 편지를 이어나간다.우연히 시작된 편지는 무채색이던 두 사람의 일상을 설렘과 기다림으로 물들이기 시작하고,‘영호'는 12월 31일 비가 오면 만나자는 가능성이 낮은 제안을 하게 되는데..."
25,몬테크리스토: 더 뮤지컬 라이브,9,공연실황,"175년을 관통해 전 세계인의 마음을 훔친 소설 '몬테크리스토 백작'을 원작으로 한 뮤지컬 실황 영화!2010년 국내 초연 이래 50만 관객에게 사랑 받아온 뮤지컬 흥행 대작 '몬테크리스토' 극장판!아름다운 연인 메르세데스와 결혼을 앞둔 에드몬드 단테스의 장밋빛 미래는 하루아침에 악몽이 되어버렸다.배신과 탐욕, 위선으로 비롯된 모함은 촉망받던 젊은 선원 에드몬드 단테스의 미래를 송두리째 앗아가고,악명 높은 샤토 디프 섬의 감옥에 갇혀 장장 14년의 지옥 같은 세월을 보내게 한다.몬데고의 ‘배신’, 당글라스의 ‘탐욕’, 빌포트의 ‘위선’끝이 보이지 않는 감옥살이 중 에드몬드는 같은 감옥에 투옥되어 있던 파리아 신부를 만나 철학, 정치,검술 등을 배우고 그 과정에서 자신의 악몽이 몬데고, 당글라스, 빌포트에 의한 것이었음을 깨닫는다.정의의 실현이 복수뿐이라면……분노에 휩싸인 에드몬드는 복수를 결심하고, 파리아 신부는 “복수심은 자신을 망칠 뿐임”을 경고한다.탈출을 준비하던 중 심각한 부상을 입은 파리아 신부는 죽게 되는데, 숨을 거두기 전 에드몬드에게몬테크리스토 섬의 보물 지도를 건네며 ‘용서와 가난한 자를 위한 새 삶’을 부탁한다.그러나 보물을 발견하고 엄청난 부를 손에 쥔 에드몬드는 ‘몬테크리스토 백작’으로 신분을 바꾸고 복수를 시작하는데……140분 동안 펼쳐지는 사랑과 복수, 용서의 대서사시가 8K 시네마틱 카메라 14대의 온-스테이지 밀착 촬영으로 담아낸역동적인 관람 뷰와 영화관 최적화 사운드 편집으로 대극장보다 섬세하게, 대극장보다 생생하게 살아난다."
26,세자매,8,드라마,"“언니가 늘 기도하는거 알지?”완벽한 척하는 가식덩어리 둘째 ‘미연’(문소리)“내가 미안하다”괜찮은 척하는 소심덩어리 첫째 ‘희숙’(김선영)“나는 쓰레기야”안 취한 척하는 골칫덩어리 셋째 ‘미옥’(장윤주)각자 아무렇지 않은 척 살아가던 세 자매는 아버지 생일을 맞아 오랜만에 한 자리에 모이는데... 내 부모에게 진정한 사과를 받고 싶었던, 문제적 자매들이 폭발한다!"
27,애프터: 그 후,8,멜로,"""너만의 테사는 더 이상 없어!""첫사랑 하딘이 자신과의 연애를 내기에 걸었다는 비밀을 알게 된 '테사'둘은 헤어지지만 서로의 살결과 숨결을 끊지 못하며 아슬아슬한 썸을 이어간다.이후 대학 졸업을 앞둔 취준생 테사는 대형 출판사의 인턴십에 합격하고거친 하딘과는 180도 다른 젠틀한 직장 남사친 '트레버'를 만나게 된다.""테사의 두 번째 남자를 만났다""런던으로 떠나기 전에 테사를 향한 진심을 전하고 싶었던 '하딘'테사의 용서를 기다리며 과거의 잘못을 하나씩 고쳐나간다.워크숍 파티에서 취한 테사의 연락에 하딘은 기대 반, 걱정 반 마음으로결국 테사의 호텔 룸에 찾아가고, 샤워실에서 그녀석 '트레버'와 마주치는데…"
28,뮬란,4,액션,"무예에 남다른 재능을 지닌 ‘뮬란’은좋은 집안과 인연을 맺어 가문을 빛내길 바라는부모님의 뜻에 따라 본연의 모습을 억누르고 성장한다.어느 날, 북쪽 오랑캐들이 침입하자 황제는 징집령을 내리고‘뮬란’은 아픈 아버지를 대신해 가족들 몰래 전장에 나가기로 결심한다.여자라는 게 발각되면 목숨을 잃을 수도 있는 상황 속에서‘뮬란’은 타고난 용기와 지혜로 역경을 이겨내며 전사로 성장한다.마침내 잔인무도한 적장 ‘보리 칸’과 마녀 ‘시아니앙’을 마주하게 된 ‘뮬란’.그녀는 위험에 빠진 동료와 가족을 구하고 진정한 전사로 거듭날 수 있을 것인가"
29,레이니 데이 인 뉴욕,5,감독우디 앨런,재즈를 사랑하는 ‘개츠비’(티모시 샬라메)영화에 푹 빠진 ‘애슐리’(엘르 패닝)낭만을 꿈꾸는 ‘챈’(셀레나 고메즈)매력적인 세 남녀가 선사하는 낭만적인 하루!운명 같은 만남을 기대하며봄비 내리는 뉴욕에서로맨틱한 하루를 함께 하실래요?
30,뽀로로 극장판 보물섬 대모험,9,애니메이션,"전설 속 보물을 찾아 떠난 뽀로로와 친구들은우연히 손에 넣은 지도를 따라 신비의 보물섬에 도착한다.그곳에서 사라진 실버 선장을 만나비밀을 간직한 보물섬의 수수께끼를 풀어내지만,악당 블랙 선장과 보물섬의 괴물로 인해 위기에 빠지는데...과연 뽀로로와 친구들은 전설의 보물을 찾을 수 있을까?"
31,아일라,9,액션,"1950년 한국전쟁에 파병된 ‘슐레이만’은 칠흑 같은 어둠 속 홀로 남겨진 5살 소녀를 발견한다.전쟁과 부모를 잃은 충격 속에 말을 잃은 소녀. ‘슐레이만’은 소녀에게 터키어로 ‘달’이라는 뜻의 ‘아일라’라는 이름을 지어주고 함께 부대로 향한다. 서로에게 무엇과도 바꿀 수 없는 가장 소중한 존재가 된 두 사람. 그러나 행복도 잠시, ‘슐레이만’은 종전과 함께 고국으로 돌아가라는 명령을 받게 되고, ‘아일라’를 끝까지 지켜내기 위해 모두의 반대 속에 자신의 선택을 감행하게 되는데…전 세계를 감동시킨 위대한 이야기가 찾아온다!"
32,어벤져스: 인피니티 워,8,액션,"새로운 조합을 이룬 어벤져스,역대 최강 빌런 타노스에 맞서 세계의 운명이 걸린인피니티 스톤을 향한 무한 대결이 펼쳐진다!마블의 클라이맥스를 목격하라!"
34,바닷마을 다이어리,8,드라마,"조그마한 바닷가 마을 카마쿠라에 살고 있는 ‘사치’, ‘요시노’, ‘치카’는15년 전 집을 떠난 아버지의 부고를 듣고 장례식장으로 향한다.아버지에 대한 미움도, 추억도 어느덧 희미해졌지만홀로 남겨진 이복 여동생 ‘스즈’에게만은 왠지 마음이 쓰이는데..“스즈, 우리랑 같이 살래? 넷이서…” 고레에다 히로카즈 감독이 그려낸문득, 세상이 아름답게 보이는 순간들2015년, 올해의 영화가 찾아옵니다."
35,바람의 검심 : 전설의 최후편,8,액션,"세상을 뒤흔들 반란을 계획하고 있는 절대악 시시오와 그의 부하 십본도를 저지하기 위해 교토까지 온 히무라 켄신 (사토 타케루). 한때 켄신의 자리를 이어받아 유신지사로 활동했던 시시오가 정부에 배신당하고 반란을 일으킨 것이다. 시시오 일당에 맞서던 켄신은 십본도의 세타 소지로 (카미키 류노스케)에 의해 역날검이 반토막이 나게 되고, 나라와 자신의 곁을 지키는 사람들이 절체절명의 위험에 빠지고 심지어 유일한 무기였던 역날검마저 쓸 수 없게 되면서 최대의 궁지에 몰리게 된다. 불살을 맹세했던 켄신은 부러진 역날검을 들고 최강의 절대악인 시시오와 맞서 일생일대의 마지막 결전을 앞두게 되는데.."
36,행복한 사전,8,코미디,"1995년, 전혀 존재감이 없는 출판사의 뒷방 부서인 ‘사전편집부’에 공석이 생겼다!지루하고 재미없는 편찬일을 떠맡고 싶지 않은 쾌남 '마사시'(오다기리 죠)는 세상과는 단절되어 보이는 영업부의 왕따 ‘마지메’(마츠다 류헤이)를 전격 스카우트해온다. 얼떨결에 사전편집부에 합류한 ‘마지메’는 새로운 사전 만들기 프로젝트인 [대도해]에 매력을 느끼고, 단어들을 수집하며 차츰 사람들과 언어로 소통하는 즐거움을 배워나간다. 그러던 중 찾아온 뜻밖의 사랑! 10년 동안 묵고 있는 하숙집 할머니의 손녀 ‘카구야’(미야자키 아오이)를 보고 한눈에 반한 ‘마지메’. ‘마지메’의 사랑을 도와주려는 편집부식구들은 그에게 [사랑]목록의 풀이를 맡기고, ‘마지메’는 ‘카구야’에게 어설프지만 진심을 다해 구애를 펼치며 단어 풀이를 해나간다.2009년,십여 년이 넘는 세월 동안 수작업으로 단어 하나 하나를 모아 총 3000만개의 단어풀이를 완성한 중년의 ‘마지메’는 [대도해]의 출간을 앞둔 어느 날, 실수로 누락된 단어 한 개를 발견한다. 과연 ‘마지메’의 사랑과, 위기를 맞은 [대도해]의 출간은 이루어질 수 있을까?"
37,분노의 질주: 더 맥시멈,8,액션,"억만 불이 걸린 한 탕에 성공한 후, 정부의 추적을 피해 전세계를 떠돌던 도미닉(빈 디젤)과 브라이언(폴 워커).1급 수배자가 되어 고향으로 돌아갈 수 없게 된 그들 앞에 타고난 본능의 베테랑 정부 요원 홉스(드웨인 존슨)가찾아온다. 전세계에 걸쳐 군 호송 차량을 습격하며 범죄를 일삼고 있는 레이싱팀 소탕 작전의 도움을 청하기 위한 것. 죽은 줄로만 알았던 자신의 연인 레티(미셀 로드리게즈)가 거대 범죄조직의 일원이라는 충격적 사실에 도미닉은 브라이언을 비롯한 최고 정예 멤버들을 소집한다. 단 조건은 멤버들의 전과를 사면해주는 것. 그리고, 마침내 거침없는 액션 본능과 환상의 드라이빙 실력의 특급 멤버들이 모두 모이고, 최강의 적에 맞선 사상 최대의 프로젝트가 시작되는데"
38,이태원 살인사건,5,액션,"국적 불명의 영어 간판과 사람들이 뒤섞여 있는 이태원의 어느 햄버거 가게에서 끔찍한 살인 사건이 일어난다. H대 휴학생 조중필이 화장실에서 가슴과 목 등 9군데를 칼에 찔려 참혹히 살해당한 것. 현장에 있던 혼혈인 피어슨과 재미교포 알렉스가 사건의 목격자이자 유력한 용의자로 지목된다. 사건을 담당하게 된 박 검사는 용의자 심문을 하던 중, 미육군범죄수사대가 1차 지목한 범인인 피어슨이 오히려 신빙성 있는 증거를 진술하자 갈등한다. 결국 박 검사가 정황에 따라 알렉스를 범인으로 기소하려 하자, 알렉스의 아버지는 검사 출신 변호사를 고용해 아들의 무죄를 입증하려고 한다."
39,크로우즈 제로,7,액션,"품성 제로, 초특급 사고뭉치 불량학생들이 모인 악명 높은 스즈란 고등학교. 정상을 차지하기 위한 거칠 것 없는 학생들의 세력다툼은 잠시도 그치질 않고, 지금가지 스즈란을 완전히 평정한 일인자는 아무도 없었다. 현재 스즈란 고교의 최강 세력은 3학년 세리자와 타마오(야마다 타카유키).어느 날 도저히 불가능하다는 스즈란 고교 완전 제패를 꿈꾸며 겁없는 전학생 타키야 겐지(오구리 슌)가 나타나고, 또 다른 강자의 등장으로 스즈란 고교는 폭풍전야에 빠져든다.이제 스즈란 고교 정상의 자리를 두고, 최후의 결전이 펼쳐지게 되는데..."
40,킹덤 오브 헤븐,8,액션,200년간 지속된 십자군 전쟁이 한창이었던 12세기 예루살렘.운명에 이끌려 십자군 원정이라는 거대한 역사의 소용돌이 중심에 선 ‘발리앙’은위대한 군주로 알려진 이슬람의 지도자 ‘살라딘’에 맞서예루살렘 성안의 백성들을 지켜내야 한다.명장 리들리 스콧 감독의 역작 전세계 최초 개봉
41,하울의 움직이는 성,9,애니메이션,"어느 날, 영문도 모른 채 마녀의 저주로 인해 할머니가 된 소녀 '소피'절망 속에서 길을 걷다가 거대한 마법의 성에 들어가게 된다. 그곳에서 자신과 마법사 하울의 계약을 깨주면 저주를 풀어주겠다는 불꽃악마 캘시퍼의 제안을 받고 청소부가 되어 ‘움직이는 성’에 머물게 되는데…"
42,중경삼림,8,드라마,"1994년 홍콩,“내 사랑의 유통기한은 만 년으로 하고 싶다”만우절의 이별 통보가 거짓말이길 바라며 술집을 찾은 경찰 223고단한 하루를 보내고 술집에 들어온 금발머리의 마약밀매상""그녀가 떠난 후 이 방의 모든 것들이 슬퍼한다""여자친구가 남긴 이별 편지를 외면하고 있는 경찰 663편지 속에 담긴 그의 아파트 열쇠를 손에 쥔 단골집 점원 페이네 사람이 만들어낸 두 개의 로맨스새로운 사랑을 만나는 방법에 대한 독특한 상상력"
43,라이더스 오브 저스티스,7,액션,"가족과 떨어진 채 지내던 현직 군인 마르쿠스(매즈 미켈슨)는 열차 사고로 갑작스럽게 아내를 잃고 실의에 빠져있던 중, 아내의 죽음에 얽힌 사고가 계획된 범죄였음을 알게 된다. 분노가 폭발한 마르쿠스는 범인들을 뒤쫓아 목숨을 건 추격전을 시작하고 자신만의 잔혹한 정의로 그들을 심판하기로 하는데…"
46,쇼크 웨이브 2,9,액션,"뛰어난 폭탄 제거 요원 ‘판청펑’(유덕화)은 현장에서 예기치 못한 사고로 왼쪽 다리를 잃는다. 이로 인한 좌천 통보에 분노한 ‘판청펑’은 폭탄 제거반 동료 ‘둥저원’(유청운)과 애인인 ‘팡링’(니니)에게 등을 돌리고 자취를 감춘다.5년 뒤, 홍콩의 한 호텔 행사장에서 폭탄 테러가 발생하고, 그곳에서 쓰러져 있는 그가 발견된다. 사고로 기억을 모두 잃은 채 깨어난 ‘판청펑’은 자신에게 극비 임무가 있었음을 알게 된다. 점점 세력이 커지는 테러 집단 ‘부활회’에 잠입해 그들의 계획을 알아내야 하는 것.마침내 그들의 목적을 알게 된 ‘판청펑’, 그리고 폭탄 제거반, 반테러리즘 특수부대 팀은 세계에서 가장 작은 핵폭탄으로, 홍콩국제공항뿐 아니라 국제상업센터, 국제금융센터, 주요 지하철 역까지 모조리 쓸어버릴 계획에 경악한다."
47,아들의 이름으로,6,드라마,1980년 5월의 광주를 잊지 못하고괴로움 속에서 살아가던 ‘오채근’(안성기)은소중한 아들과의 약속을 지키기 위해반성 없이 호의호식하며 살아가는 이들에게 복수를 하기로 마음먹는다.광주 출신의 ‘진희’(윤유선)를 만나며 더욱 결심을 굳히게 된 그는당시의 책임자 중 한 사람이었던 ‘박기준’(박근형)에게 접근하는데…
48,아이들은 즐겁다,9,드라마,"신나는 만남, 함께 한 여행, 그리고 마지막 인사 “고마워”어딘가 아파서 병원에 있는 엄마와 항상 바쁜 아빠,조금은 외롭지만 새로 전학간 학교에서 만난 친구들 덕분에9살 다이는 즐겁다.어느 날, 엄마와의 이별이 조금씩 가까워지는 것을 느낀 다이,친구들과 함께 엄마를 만나기 위해 어른들 몰래 여행을 떠난다.9세 인생 최초! 전재산을 탈탈 털어 떠난 여행,그리고 엄마와의 만남 끝에 기다리고 있는 마지막 인사."
49,마크맨,5,액션,"최고의 사격수였다가 은퇴한 군인 ‘짐’(리암 니슨)은애리조나 국경 지역을 지키며 조용한 말년을 보내고 있다.어느 날, 우연히 멕시코 마약 카르텔에 쫓기는 모자를 구해주지만무자비한 놈들의 공격에 소년의 어머니가 숨을 거둔다.소년을 시카고에 있는 친척에게 데려가 달라는그녀의 마지막 부탁을 외면할 수 없었던 ‘짐’은 길을 나서고마약 카르텔의 표적이 되어 숨막히는 추격전을 벌이는데…"
50,노매드랜드,8,드라마,"경제적 붕괴로 도시 전체가 무너진 후 홀로 남겨진 ‘펀’.(프란시스 맥도맨드)추억이 깃든 도시를 떠나 작은 밴과 함께 한 번도 가보지 않은 낯선 길 위의 세상으로 떠난다.그 곳에서 ‘펀’은 각자의 사연을 가진 노매드들을 만나게 되고,광활한 자연과 길 위에서의 삶을 스스로 선택한 그들과 만나고 헤어지며다시 살아가기 위한 여정을 시작하는데…"
52,타인의 친절,8,드라마,"모두가 꿈을 안고 찾아오지만, 누구나 길을 잃을 수 있는 뉴욕.그곳에서 서로를 발견한 여섯 사람의 이야기"
53,더 파더,8,드라마,"나는 런던에서 평화롭게 삶을 보내고 있었다.무료한 일상 속 나를 찾아오는 건 딸 ‘앤’ 뿐이다.그런데 앤이 갑작스럽게 런던을 떠난다고 말한다.그 순간부터 앤이 내 딸이 아닌 것처럼 느껴졌다.잠깐, 앤이 내 딸이 맞기는 한 걸까?기억이 뒤섞여 갈수록 지금 이 현실과 사랑하는 딸,그리고 나 자신까지 모든 것이 점점 더 의심스러워진다."
54,고질라 VS. 콩,8,액션,"거대 몬스터들의 습격을 받은 지 3년 후, 콩은 스컬 아일랜드를 떠나 인간들의 보호관찰을 받고 있다. 한편, 인간들에게 등을 돌린 고질라는 비밀연구회사인 에이펙스에 존재하는 알 수 없는 힘에 이끌려 그곳을 쑥대밭으로 만든다. 위기 상황 속, 지구 안의 또 다른 지구인 할로우 어스의 에너지원을 찾아야만 인류가 안전할 수 있다는 판단하고 콩의 보호자들은 콩과 특별한 유대감을 형성하는 아이 지아와 함께 타이탄들의 고향일지 모르는 그 곳으로 위험한 여정을 떠난다. 그러던 중 분노에 찬 고질라의 공격을 받고, 마침내 맞붙게 된 두 전설의 장대한 대결은 앞으로 닥쳐올 대재앙의 서막에 불과했는데…세상의 운명을 놓고, 지구상 가장 거대한 신화적 존재들의 스펙터클한 대격돌이 시작된다!"
55,페이트 스테이 나이트 헤븐즈필 제3장 스프링 송,9,애니메이션,"마술사 '마스터'와 영령 '서번트'가 모든 소원을 이뤄주는 '성배'를 둘러싸고 싸우는 '성배전쟁'. 하지만 그 싸움은 일그러져 있었다 마토 사쿠라는 자신이 저지른 죄와 함께 마키리의 잔으로서 각성하여 깊은 어둠 속에 빠지고 말았다. 그런 사쿠라를 지키겠다고 맹세한 소년, 에미야 시로는 토오사카 린과 함께 사쿠라를 어둠 속에서 구하고 일그러진 '성배전쟁'을 끝내기 위해 자신의 몸을 돌보지 않고 가혹한 싸움에 몸을 던진다. 소년의 소망은 소녀에게 닿을 것인가. 끝을 향해 달려가는 '성배전쟁' 최후의 싸움이 드디어 시작된다."
56,유어 아이즈 텔,9,멜로,"과거의 기억으로 마음을 닫아버린 남자 '루이'불의의 사고로 시력을 잃어가는 여자 '아카리'운명적으로 만난 두 사람은서로의 상처를 보듬어주며점점 서로에게 빠져들기 시작한다.눈을 감으면 더욱 선명해지는 얼굴,너의 눈이 말하고 있어."
57,라야와 마지막 드래곤,9,애니메이션,"인간과 드래곤이 평화롭게 공존하던 신비의 땅, 쿠만드라 왕국살아있는 모든 생명을 삼키는 악의 세력 '드룬'이 들이닥치자,드래곤들은 인간을 구하기 위해 스스로를 희생하고 전설 속으로 사라진다.500년 후 부활한 '드룬'이 또다시 세상을 공포에 빠뜨리자,전사 ‘라야’는 분열된 쿠만드라를 구하기 위해전설 속 마지막 드래곤을 찾아 모험을 떠난다.그러나, ‘라야’는 험난한 여정을 겪으며 세상을 구하기 위해서는전설 속 드래곤보다 더 중요한 것이 있다는 것을 깨닫게 되는데…"
59,프라미싱 영 우먼,8,액션,7년 전 자신의 가장 친한 친구가 당한 비극적인 사건에 충격을 받고 고통 속에 살고 있는 ‘카산드라’(캐리 멀리건)가 친구를 위해 완벽하고 치밀한 복수를 실행하면서 벌어지는 이야기
60,명탐정 코난: 진홍의 수학여행,7,애니메이션,"초등학생 코난이 아닌, 본래의 모습으로 교토 수학여행에 참가하게 된 고등학생 탐정 쿠도 신이치.평범한 고등학생처럼 모리 란과 행복한 시간을 보내는 것도 잠시,우연히 만난 배우 구라치 케이코의 부탁으로 의문의 암호 해독을 부탁받는다.하지만 곧이어 그녀의 영화 제작 동료들을 둘러싼 연쇄 살인 사건이 일어난다.범죄의 현장에는 요괴의 행적처럼 꾸며진피 묻은 발자국과 팔손이 나뭇잎, 그리고 새로운 암호가 남겨져 있었는데…천년 역사의 도시 교토, 요괴의 소행 같은 기묘한 연쇄 살인 사건의 진실은?!그리고 쿠도 신이치♥모리 란, 두 사람의 마음은 맞닿을 수 있을까?"
62,요요현상,9,다큐멘터리,"취미도 요요, 특기도 요요!요요로 한국을 주름잡던 다섯 명의 ‘요요소년’ 대열, 동훈, 현웅, 동건, 종기.요요를 잘하면 자랑이 되었던 어린 시절을 지나20대 후반이 된 그들에게 세상은 (살길을 찾는) ‘어른’이 되길 요구한다.2011년 여름, 다섯 사람은 대학 졸업을 앞두고마지막으로 자신들이 꿈꿔온 무대에 도전하고 요요를 그만두기로 결심하는데…요요길만 걷고 싶은 요요덕후들의 꿈과 현실에 대한 이야기!요요, 마음 편히 그만둘 수 있을까?어디로 향하든 다시 돌아오게 돼 있어!꿈과 현실의 무한루프 "
63,빅풋 주니어2: 패밀리가 떴다,9,애니메이션,"아주 멀리서도 잘 듣고, 어디든지 빠르게 달려가고, 남다른 힘과 치유 능력까지!모두가 주목하는 초능력 슈퍼 히어로 ‘빅풋’에게 알래스카에서 한 통의 편지가 도착한다.“지구를 위험에 빠뜨린 악당에게서 자연과 동물 친구들을 지켜주세요!”지구를 지키기 위해 ‘빅풋’과 빅풋 패밀리가 떴다!걱정 마세요, 지금 달려갑니다!슈퍼 히어로 빅풋 패밀리, 출동 준비 완료!"
64,오타쿠에게 사랑은 어려워,5,멜로,"평범한 회사원 나루미는 이직한 회사에서 소꿉친구 히로타카와 재회한다.잘생기고 일도 잘하는 히로타카는 사실 중증 게임 오타쿠이고,나루미 역시 애니메이션에 푹 빠진 오타쿠!오타쿠인 것을 숨겨온 나루미는 히로타카 앞에서만 본 모습을 드러내고히로타카의 제안으로 둘은 아슬아슬한 초보 연애를 시작한다.그러나 연애 부적합자인 오타쿠들의 연애는 생각보다 쉽지 않은데…."
65,밥정,9,다큐멘터리,"잔디, 잡초, 이끼, 나뭇가지.. 자연을 재료 삼아 요리를 만드는 방랑식객 임지호 셰프. 친어머니와 양어머니에 대한 아픈 사연을 간직한 그는 길에서 인연을 맺은 사람들에게 기꺼이 음식을 대접한다.지리산에서 만난 김순규 할머니를 길 위의 어머니로 10년간 모시지만, 끝끝내 찾아온 3번째 이별.임지호 셰프는 낳아주신, 길러주신, 그리고 마음을 나눠주신 3명의 어머니를 위해 3일 동안 108접시의 음식을 장만한다.‘밥’으로 ‘정’을 나누는 인생의 참맛, 더 늦기 전에 당신과 나누고 싶습니다…"
66,기기괴괴 성형수,6,공포/스릴러,"지금부터 기적의 성형수 사용 방법을 알려드리겠습니다.본인의 얼굴을 거울로 확인해 보세요.사진을 찍어두셔도 좋습니다. 마지막 작별의 시간이니까요.물과 성형수를 4:1 비율로 섞은 후, 20분간 얼굴을 담가주세요.앞으로 당신의 근육과 살의 성질이 완전히 변하게 됩니다. 찰흙처럼 말이죠.겁먹지 말고… 당신이 원하는 얼굴을 만들어보세요이제 당신은 새로 태어나는 겁니다. 아주 새롭게…부작용, 후유증 없이 아름다워지는 단 하나의 방법바르면 성형이 되는 기적의 물 성형수올여름 가장 기괴하고 독창적인 호러성형괴담이 온다!"
67,남매의 여름밤,8,드라마,"방학 동안, 아빠와 함께 할아버지 집에서 지내게 된 남매 옥주와 동주,그렇게 오래된 2층 양옥집에서의 여름이 시작되고한동안 못 만났던 고모까지 합세하면서기억에 남을 온 가족의 이야기가 펼쳐진다.제24회 토론토릴아시안국제영화제 오슬러 최우수 장편 영화상 (2020)제17회 홍콩아시안영화제 뉴탤런트상 (2020)제38회 이탈리아토리노영화제 최고 작품상 (2020)"
68,강철비2: 정상회담,4,액션,"북미 평화협정 체결을 위한 대한민국 대통령(정우성), 북한의 최고지도자인 위원장(유연석)과 미국 대통령(앵거스 맥페이든)간의 남북미 정상회담이 북한 원산에서 열린다. 북미 사이 좀처럼 이견이 좁혀지지 않는 가운데, 핵무기 포기와 평화체제 수립에 반발하는 북 호위총국장(곽도원)의 쿠데타가 발생하고, 납치된 세 정상은 북한 핵잠수함에 인질로 갇힌다. 그리고, 좁디 좁은 함장실 안, 예기치 못한 진정한 정상회담이 벌어지게 되는데…동북아시아의 운명이 핵잠수함에 갇혔다!과연, 남북미 세 지도자는 전쟁 위기를 막을 수 있을 것인가?"
69,소년시절의 너,9,액션,"시험만 잘 치면 멋진 인생을 살 수 있다고 가르치는 세상에서기댈 곳 없이 세상에 내몰린 우등생 소녀 ‘첸니엔’과 양아치 소년 ‘베이’.비슷한 상처와 외로움에 끌려 서로에게 의지하게 된 두 사람은수능을 하루 앞둔 어느 날, ‘첸니엔’의 삶을 뒤바꿔버릴 거대한 사건에 휘말리게 된다.‘첸니엔’만은 평범하고 행복하게 살길 바라는 ‘베이’는그녀의 그림자가 되어 모든 것을 해결하기로 마음 먹는데…“고마워. 내 세상의 전부, 소년시절의 너.”"
70,온워드: 단 하루의 기적,9,액션,"마법이 사라진 세상에 살고 있는 취향과 성격 모두 정반대의 두 형제인철든 동생 ‘이안’(톰 홀랜드)과 의욕충만 형 ‘발리’(크리스 프랫).‘이안’은 태어나서 얼굴도 본 적 없는 아빠를 그리워하던 중, 서프라이즈 생일 선물로아빠의 마법 지팡이를 받게 된다. 그러나 실수로, 아빠의 반쪽만 소환시키는 위기가 발생하는데!!주어진 시간은 단 하루, 두 형제는 완벽한 모습의 아빠를 찾기 위해 모험을 떠나고마법으로 절벽을 건너고, 까마귀 봉우리의 힌트를 따라 관문을 통과하지만서로 다른 성격으로 인해, 사사건건 부딪히게 되고, 위험이 발생하는데…과연 이들은 무사히 기적을 이룰 수 있을까?기적을 향한 출발, 지금 당신을 만나러 갑니다."
71,언더워터,7,공포/스릴러,"30일 동안 해저 시추 시설에서 엄청난 압력을 견디며 바다의 밑바닥을 뚫어야 하는 캐플러 기지의 대원들.어느 날, 큰 지진으로 콘크리트 구조물을 뚫고 급류가 들이 닥쳐 기지는 순식간에 파괴되고 대혼란이 일어난다.갑작스런 대재앙 속에서 가까스로 살아남은 대원들은 전기 엔지니어 노라를 비롯한 5명.이들이 시도해 볼 수 있는 유일한 방법은 또 다른 해저 기지 ‘로우벅’으로 이동해 탈출 포트를 찾는 것 뿐.하지만 어두운 심해엔 그들만이 존재하는 것이 아니었다.무언가 그들을 바짝 따라오고 있다.불가사의한 포식자와 쫓고 쫓기는 위험천만한 게임에 갇혀버린 대원들.살아남기 위해선 남은 용기를 전부 쥐어 짜내야만 한다..살고 싶다면 모든 감각을 깨워라!"
72,콜 오브 와일드,8,액션,"1890년대 골드러시 시대,금광이 발견되었다는 소식에 일확천금을 노린 수많은 사람들이 알래스카로 몰려든다. 따뜻한 캘리포니아의 부유한 가정에서 길러지던 개 ‘벅’은한순간 납치되어 알래스카 유콘으로 팔려가게 되고안락했던 과거와는 전혀 다른 삶이 시작된다. 광활한 대자연, 거친 약육강식의 세계 속우편배달 썰매견 팀의 신참이 된 ‘벅’.끊임없는 역경이 그를 찾아오지만,진정한 용기는 ‘벅’을 점차 팀의 리더 자리에 오르게 하는데… 야성의 부름에 응답하라! 위대한 여정이 펼쳐진다!"
73,킹덤,6,액션,"검 하나로 세상을 평정하려는 열혈 소년 '신'.그는 친구의 유언을 따라 찾아간 원두막에서 왕권을 잃고 쫓겨난 황제 '영정'을 만난다.친구의 비통한 죽음으로 분노하는 것도 잠시, 두 사람은 세상을 평정하고 통일을 향한 모험을 함께 하기로 결의를 다진다.하지만, 위협하는 세력들은 끊임없이 등장하고 원대한 꿈마저 위태로워지는데…액션, 스케일, 드라마 모든 것의 신세계가 시작된다!"
74,기도의 힘,9,드라마,"성공 가도를 달리고 있는 남편 ‘토니’, 사랑스러운 딸 ‘대니엘’과 함께남부럽지 않은 삶을 살고 있는 부동산 중개업자 ‘엘리자베스’겉보기엔 완벽해 보이지만 위태로운 결혼생활을 이어가던 그녀는,새로운 고객 ‘클라라’ 부인으로부터하나님 말씀으로 진짜 적에게 맞서는 법과 함께‘기도에도 전략이 필요하다’는 특별한 조언을 받게 되는데…용서와 치유, 사랑으로 나아가는 기도의 힘!"
75,사랑이 뭘까,7,드라마,"그 여자, 야마다 테루코난 어느 한쪽으로 기울어 버려요사랑하거나 아무 관심 없거나그래서 좋아하는 사람 이외에는모든 사람이 관심 밖이에요그 남자, 타나카 마모루좋아하는 마음을 말로 다 전할 수는 없잖아너무 좋아해서 오히려 말을 못할 수도 있지서로 그 관계가 괜찮으면 문제 없지 않을까?오늘도 사랑의 답을 찾지 못했다."
76,울지마 톤즈 2 : 슈크란 바바,9,다큐멘터리,"가난과 전쟁으로 아무런 희망조차 없었던 수단 톤즈에서사제이자 의사, 교육자, 음악가, 그리고 건축가로서 이태석 신부가 이룬 기적들과 그 이면의 숨은 이야기들이 공개된다!톤즈에서 행복의 답을 찾은 그의 모습은 보는 이를 설레게 하고,진실하게 자신을 다 바쳐 사랑을 전하는 모습은 보는 이를 뜨거운 감동으로 적신다.아직도 이 땅에 남아 있는 그의 따스한 발자취와그를 기억하는 사람들이 말하는 진짜 이태석을 만나다!"
77,좀비랜드: 더블 탭,7,액션,"좀비로 세상이 망한지 10년,자신들만의 재능을 발휘하고 생존 규칙을 지키며여전히 꿋꿋하게 살아가고 있는 희한한 가족탤러해시, 콜럼버스, 위치타, 리틀록.하지만 ‘좀비랜드’에 더욱 진화한 좀비가 나타나고이들은 새로운 인간 생존자들과 함께 사투를 시작하는데…"
78,캐빈 오브 더 컨저링,3,공포/스릴러,"초자연적 현상이 일어나는 집을 취재하는 TV 방송 '유령 수사대' 팀은익멍의 제보를 받고 다음 촬영지로 저주받은 저택을 선택한다.촬영 허가를 받으러 간 구청에서 그 집에 얽힌 괴소문을 듣게 되고실제 촬영하는 도중 스탭들이 하나둘씩 죽어나가는 일이 발생한다.살아남은 멤버들은 어떻게든 그 집에서 벗어나려 하지만창문과 모든 문이 열리거나 깨지지 않는 기이한 현상 때문에 나갈 수가 없는데...!귀신들린 집, 거기선 아무도 살아나올 수 없다!"
79,애드 아스트라,7,공포/스릴러,"미 육군 소령  ‘로이 맥브라이드’(브래드 피트)는우주의 지적생명체를 찾기 위한 ‘리마 프로젝트’를 수행하다 실종된 아버지를영웅이라 믿으며 우주 비행사의 꿈을 키웠다. 어느 날, ‘로이’는 이상 현상으로 우주 안테나에서 지구로 추락하는 사고를 당하고인류를 위협할 전류 급증 현상인 이 ‘써지’ 사태가자신의 아버지가 벌인 위험한 실험에서 시작되었다는 이야기를 듣게 된다. 믿고 있는 모든 것이 흔들린다!아버지가 살아 있다는 충격적인 사실과 함께그를 막아야 한다는 임무를 맡게 된 ‘로이’는 우주로 향하게 되는데…지금껏 본 적 없는 진짜 미래를 경험하라!"
80,그것: 두 번째 이야기,6,공포/스릴러,"27년마다 아이들이 사라지는 마을 데리, 또 다시 ‘그것’이 나타났다.27년 전, 가장 무서워하는 것의 모습으로 나타나 아이들을 잡아먹는 그것 페니와이즈에 맞섰던 ‘루저 클럽’ 친구들은 어른이 되어도 더 커져만 가는 그것의 공포를 끝내기 위해 피할 수 없는 마지막 대결에 나선다."
81,고봉수 감독 단편선,8,코미디,사면조가 : 철창에 몸이 끼인 남자가 있다. 남자는 몸을 빼보려하지만 도저히 빠지지 않는다. 남자는 지나가는 세 명의 남자를 만난다.홀리테러 : 동네 양아치가 연변 사람에게 시비를 건다. 양아치는 연변 사람의 뒤를 밟는다쥐포 :  취업준비생인 남자는 오늘도 하류 인생을 살아간다. 그러다 자살을 결심하고 번개탄을 사는데 동네 건달들을 만난다.사망언 : 1%가 되고 싶은 1%의 이야기
82,룩 어웨이,7,공포/스릴러,"성형외과 의사인 아빠와 항상 다정다감한 엄마, 그리고 부유한 저택까지 모든 걸 다 가진 듯한 아름다운 소녀 ‘마리아’는 사실 학교에서 심한 따돌림을 당하는 소녀다.항상 완벽한 외모를 강요하는 아빠의 강압 때문에 내성적인 성격을 가지게 된 ‘마리아’는 어느 순간 거울 속에서 자신과 똑같이 생긴 ‘애럼’을 마주하게 된다. ‘애럼’과의 대화를 통해 점점 자신감을 얻은 ‘마리아’는 학교 졸업 무도회에 참가하지만 전교생들 앞에서 끔찍한 일을 당하게 되고,이 사건으로 큰 충격을 받은 ‘마리아’에게 거울 속 ‘애럼’은 자신과 몸을 바꿔준다면 원하는 모든 것을 얻게 해주겠다며 위험한 거래를 제안하는데…"
83,봉오동 전투,7,액션,"1919년 3.1운동 이후 봉오동 일대에서 독립군의 무장항쟁이 활발해진다.일본은 신식 무기로 무장한 월강추격대를 필두로 독립군 토벌 작전을 시작하고,독립군은 불리한 상황을 이겨내기 위해 봉오동 지형을 활용하기로 한다.항일대도를 휘두르는 비범한 칼솜씨의 해철(유해진)과 발 빠른 독립군 분대장 장하(류준열)그리고 해철의 오른팔이자 날쌘 저격수 병구(조우진)는빗발치는 총탄과 포위망을 뚫고 죽음의 골짜기로 일본군을 유인한다.계곡과 능선을 넘나들며 귀신같은 움직임과 예측할 수 없는 지략을 펼치는 독립군의 활약에일본군은 당황하기 시작하는데...1920년 6월, 역사에 기록된 독립군의 첫 승리봉오동 죽음의 골짜기에 묻혔던 이야기가 지금부터 시작된다."
84,굿바이 썸머,6,드라마,"현재는 고백한 수민에게 차이고 지훈에게 절교 선언을 듣는다.모두 언제 죽을지 모를 현재 보다 자기들 생각뿐이다.그렇게 무슨 일이 있었는지 알 수 없는 날들 사이로 발음이 이상한 병재가 나타나고,뒤섞인 날들은 현재의 시간으로 다시 자연스럽게 이어진다."
85,스파이더맨: 파 프롬 홈,8,액션,"‘엔드게임’ 이후 변화된 세상,스파이더맨 ‘피터 파커’는 학교 친구들과 유럽 여행을 떠나게 된다.그런 그의 앞에 ‘닉 퓨리’가 등장해 도움을 요청하고정체불명의 조력자 ‘미스테리오’까지 합류하게 되면서전 세계를 위협하는 새로운 빌런 ‘엘리멘탈 크리쳐스’와 맞서야만 하는 상황에 놓이게 되는데…"
